<?xml version="1.0"?>
<doc>
  <members>
  ฆ
    <member name="T:PongTools">
      <summary>
		ก่อนใช้อย่าลืม:
		import "(ที่อยู่ของไฟล์)\PongTools"
    และเรียกใช้
    PongTools.setUp()
        สร้างโดย (ig) p.spn_ | base on OFDL(EV3-CLEV3R-Modules)
        - https://github.com/ofdl-robotics-tw/EV3-CLEV3R-Modules
      </summary>
    </member>

    <member name="M:setUp">
      <summary>
        ไม่มีอะไรแค่ทำการ Invert Motor B เพื่อให้เดินหน้าและเลี้ยวได้อย่างถูกต้อง.
      </summary>
    </member>
	
	  <member name="M:smoothDrive">
      <summary>
        เดินแบบสมูทตู๊ดๆ.
      </summary>
      <param name="kP">Proportional gain set. [แนะนำที่ 0.9 - 0.12]</param>
      <param name="minPower">กำหนดความเร็วต่ำสุด.</param>
      <param name="maxPower">กำหนดความเร็วสูงสุด.</param>
      <param name="totalDistance">กำหนดระยะทางที่จะเดิน.</param>
      <param name="straight">เดินตรง = "True" | เลี้ยว = "False".</param>
      <param name="isBreak">เบรกหรือไม่ "True"/"False".</param>
    </member>

    <member name="M:smoothPort">
      <summary>
        สั่งมอเตอร์ที่เลือกแบบสมูทตู๊ดๆ.
      </summary>
      <param name="port">ใส่เป็นข้อความเช่น "B".</param>
      <param name="minPower">กำหนดความเร็วต่ำสุด.</param>
      <param name="maxPower">กำหนดความเร็วสูงสุด.</param>
      <param name="accDist">ระยะเร่งตอนต้น.</param>
      <param name="decDist">ระยะเบาตอนปลาย.</param>
      <param name="totalDistance">กำหนดระยะทางที่จะหมุนมอเตอร์.</param>
    </member>

    <member name="M:syncMove">
      <summary>
        sync มอเตอร์ BC ให้เดินที่ power ที่ตั้งไว้.
      </summary>
      <param name="kP">Proportional gain set. [แนะนำที่ 0.9 - 0.12]</param>
      <param name="leftPower">ความเร็วล้อซ้าย (B).</param>
      <param name="rightPower">ความเร็วล้อขวา (C).</param>
      <param name="totalDistance">กำหนดระยะทางที่จะเดิน.</param>
      <param name="isBreak">เบรกหรือไม่ "True"/"False".</param>
    </member>

    <member name="M:syncMoveSee">
      <summary>
        sync มอเตอร์ BC ให้เดินจนเจอค่าแสงที่ตั้ง.
      </summary>
      <param name="kP">Proportional gain set. [แนะนำที่ 0.9 - 0.12]</param>
      <param name="port">เลือกช่องเซนเซอร์ (1~4).</param>
      <param name="power">ความเร็วเดิน.</param>
      <param name="blackValue">กำหนดค่าแสง.</param>
      <param name="isBreak">เบรกหรือไม่ "True"/"False".</param>
    </member>

    <member name="M:lineTrack">
      <summary>
        เดินตามเส้น 2 เซนเซอร์.
      </summary>
      <param name="kP">เด้งมากเด้งน้อย.</param>
      <param name="kD">เด้งเร็วเด้งช้า.</param>
      <param name="power">ตั้งค่าพาวเวอร์.</param>
      <param name="totalDistance">กำหนดระยะทางที่จะเดิน.</param>
      <param name="isBreak">เบรกหรือไม่ (str).</param>
    </member>

    <member name="M:smoothLineTrack">
      <summary>
        เดินตามเส้น 2 เซนเซอร์แบบสมูทตู้ดๆ.
      </summary>
      <param name="kP">เด้งมากเด้งน้อย.</param>
      <param name="kD">เด้งเร็วเด้งช้า.</param>
      <param name="minPower">กำหนดความเร็วต่ำสุด.</param>
      <param name="maxPower">กำหนดความเร็วสูงสุด.</param>
      <param name="totalDistance">กำหนดระยะทางที่จะเดิน.</param>
    </member>

    <member name="M:moveUntilStall">
      <summary>
        เดินจนกว่ามอเตอร์จะติด.
      </summary>
      <param name="power">ตั้งค่าพาวเวอร์.</param>
    </member>

    <member name="M:runUntilStall">
      <summary>
        สั่งมอเตอร์จนกว่ามอเตอร์จะติด.
      </summary>
      <param name="port">ตั้งค่าพอร์ต เช่น "A".</param>
      <param name="power">ตั้งค่าพาวเวอร์.</param>
    </member>

    <member name="M:motorCtrl">
      <summary>
        สั่งมอเตอร์ให้หมุนไปที่ดีกรีที่ต้องการ.
      </summary>
      <param name="port">ตั้งค่าพอร์ต เช่น "A".</param>
      <param name="power">ตั้งค่าพาวเวอร์.</param>
      <param name="degree">ตั้งค่าดีกรี.</param>
    </member>
	
  </members>
</doc>
