<?xml version="1.0"?>
<doc>
  <members>
    <member name="T:Mailbox">
      <summary>
        Отправка сообщений между несколькими блоками EV3 посредством радиоканала Bluetooth.
      </summary>
    </member>
    <member name="M:Create">
      <summary>
        Создание почтового ящик с указанным именем, который будет принимать входящие сообщения, адресованные этому блоку EV3 в данный ящик. Только после создания ящика входящие сообщения будут сохраняться. Количество создаваемых ящиков не должно быть больше 30
      </summary>
      <param name="boxname">Имя почтового ящика</param>
      <returns>Цифровой идентификатор почтового ящика. Необходим для получения сообщения из ящика</returns>
    </member>
    <member name="M:CreateForNumber">
      <summary>
        Создание почтового ящик с указанным именем, который будет принимать входящие сообщения (числа), адресованные этому блоку EV3 в данный ящик. Только после создания ящика входящие сообщения будут сохраняться. Количество создаваемых ящиков не должно быть больше 30
      </summary>
      <param name="boxname">Имя почтового ящика</param>
      <returns>Цифровой идентификатор почтового ящика. Необходим для получения сообщения из ящика</returns>
    </member>
    <member name="M:Send">
      <summary>
        Отправить сообщение на другой блок EV3 в указанный почтовый ящик.
      </summary>
      <param name="brickname">Имя блока EV3, на который отправляется сообщение. Bluetooth-соединение с блоком должно быть активно в момент пересылки сообщений. Если поле оставить пустым, то сообщение будет отправлено всем подключенным блокам EV3</param>
      <param name="boxname">Имя почтового ящика, в который будет отправлено сообщение</param>
      <param name="message">Сообщение в текстовом формате</param>
    </member>
    <member name="M:SendNumber">
      <summary>
        Отправить сообщение на другой блок EV3 в указанный почтовый ящик.
      </summary>
      <param name="brickname">Имя блока EV3, на который отправляется сообщение. Bluetooth-соединение с блоком должно быть активно в момент пересылки сообщений. Если поле оставить пустым, то сообщение будет отправлено всем подключенным блокам EV3</param>
      <param name="boxname">Имя почтового ящика, в который будет отправлено сообщение</param>
      <param name="number">Соощение - Число</param>
    </member>
    <member name="M:IsAvailable">
      <summary>
        Проверка наличия нового сообщения в указанном почтовом ящике.
      </summary>
      <param name="id">Цифровой идентификатор почтового ящика</param>
      <returns>"True" если сообщение пришло</returns>
    </member>
    <member name="M:Receive">
      <summary>
        Получить последнее сообщение из указанного локального почтового ящика. Если ящик пуст, программа будет ожидать до тех пор, пока не появится новое сообщение в ящике.
        После прочтения сообщение будет удалено и следующий вызов Receive будет ожидать нового сообщения в ящике (чтобы избежать блокировки при ожидании, используйте IsAvailable). Если почтовый ящик с таким именем не существует, команда возвратит пустой текст.
      </summary>
      <param name="id">Цифровой идентификатор почтового ящика</param>
      <returns>Сообщение в тестовом формате</returns>
    </member>
    <member name="M:ReceiveNumber">
      <summary>
        Получить последнее сообщение из указанного локального почтового ящика. Если ящик пуст, программа будет ожидать до тех пор, пока не появится новое сообщение в ящике.
        После прочтения сообщение будет удалено и следующий вызов Receive будет ожидать нового сообщения в ящике (чтобы избежать блокировки при ожидании, используйте IsAvailable). Если почтовый ящик с таким именем не существует, команда возвратит пустой текст.
      </summary>
      <param name="id">Цифровой идентификатор почтового ящика</param>
      <returns>Сообщение - число</returns>
    </member>
    <member name="M:Connect">
      <summary>
        Установить соединение с другим блоком EV3 по Bluetooth. Только после того как соединение установлено (этой командой или из меню блока EV3), сообщения могут отправляться и приниматься.
      </summary>
      <param name="brickname">Имя блока EV3, с которым нужно установить соединение</param>
    </member>
  </members>
</doc>