<?xml version="1.0"?>
<doc>
  <members>
    <member name="T:MotorAD">
      <summary>
        Набор оптимизированных команд для моторов, подключенных к портам "A" и "D". Низкоуровневая оптимизация позволяет добиться меньшего времени обработки команды и получить прирост производительности при ее использовании в циклических алгоритмах (таких как, например, PID-контроллеры движения). 
      </summary>
    </member>
    <member name="M:Off">
      <summary>
         Остановить моторы, подключенные к портам "А" и "D". Роторы моторов продолжат вращение по инерции.
      </summary>
    </member>
    <member name="M:OffAndBrake">
      <summary>
        Остановить моторы, подключенные к портам "А" и "D". Роторы моторов остановятся и будут удерживать положение.
      </summary>
    </member>
    <member name="M:SetPower">
      <summary>
        Установить мощность моторов, подключенных к портам "А" и "D".
      </summary>
      <param name="power">Мощность от -100 до 100. Знак определяет направление вращения ротора мотора</param>
    </member>
    <member name="M:SetSpeed">
      <summary>
        Установить скорость моторов, подключенных к портам "А" и "D".
      </summary>
      <param name="speed">Скорость от -100 до 100. Знак определяет направление вращения ротора мотора</param>
    </member>
    <member name="M:Start">
      <summary>
        Запустить моторы, подключенные к портам "А" и "D". Будет использован параметр скорости или мощности, установленный ранее (если параметр на задан, роторы моторов будут неподвижны).
      </summary>
    </member>
    <member name="M:StartPower">
      <summary>
        Установить мощность и запустить моторы, подключенные к портам "А" и "D".
      </summary>
      <param name="power">Мощность от -100 до 100. Знак определяет направление вращения ротора мотора</param>
    </member>
    <member name="M:StartSpeed">
      <summary>
        Установить скорость и запустить моторы, подключенные к портам "А" и "D".
      </summary>
      <param name="speed">Скорость от -100 до 100. Знак определяет направление вращения ротора мотора</param>
    </member>
  </members>
</doc>