<?xml version="1.0"?>
<doc>
  <members>
    <member name="T:MotorB">
      <summary>
        Набор оптимизированных команд для мотора, подключенного к порту "B". Низкоуровневая оптимизация позволяет добиться меньшего времени обработки команды и получить прирост производительности при ее использовании в циклических алгоритмах (таких как, например, PID-контроллеры движения).  
      </summary>
    </member>
    <member name="M:GetTacho">
      <summary>
        Запросить данные о количестве оборотов с энкодера (счетчика оборотов) указанного мотора. Энкодер функционирует независимо от того, запущен ли мотор соответствующими командами, либо его ротор вращается за счет внешних сил.
      </summary>
      <returns>Текущее значение угла поворота ротора</returns>
    </member>
    <member name="M:GetSpeed">
      <summary>
        Запросить данные о скорости вращения ротора (счетчика оборотов) с энкодера указанного мотора. Энкодер функционирует независимо от того, запущен ли мотор соответствующими командами, либо его ротор вращается за счет внешних сил.
      </summary>
      <returns>Текущее значение скорости мотора от -100 до 100</returns>
    </member>
    <member name="M:ResetCount">
      <summary>
        Сброс энкодера мотора, подключенного к порту "B".
      </summary>
    </member>
    <member name="M:SetDirectPolarity">
      <summary>
        Задать прямую полярность, подключенного к порту "B".
      </summary>
    </member>
    <member name="M:SetReversPolarity">
      <summary>
        Задать обратную полярность мотора, подключенного к порту "B".
      </summary>
    </member>
    <member name="M:Off">
      <summary>
        Остановить мотор, подключенный к порту "B". Ротор мотора продолжит вращение по инерции.
      </summary>
    </member>
    <member name="M:OffAndBrake">
      <summary>
        Остановить мотор, подключенный к порту "B". Ротор мотора остановится и будет удерживать положение.
      </summary>
    </member>
    <member name="M:IsLarge">
      <summary>
        Установить тип "Большой мотор" для порта "B".
      </summary>
    </member>
    <member name="M:IsMedium">
      <summary>
        Установить тип "Средний мотор" для порта "B".
      </summary>
    </member>
    <member name="M:SetPower">
      <summary>
        Установить мощность мотора, подключенного к порту "B".
      </summary>
      <param name="power">Мощность от -100 до 100. Знак определяет направление вращения мотора</param>
    </member>
    <member name="M:SetSpeed">
      <summary>
        Установить скорость мотора, подключенного к порту "B".
      </summary>
      <param name="power">Скорость от -100 до 100. Знак определяет направление вращения мотора</param>
    </member>
    <member name="M:Start">
      <summary>
        Запустить мотор, подключенный к порту "B". Будет использована скорость, или мощность установленная ранее (по умолчанию будет выставлен 0).
      </summary>
    </member>
    <member name="M:StartPower">
      <summary>
        Установить мощность и запустить мотор, подключенный к порту "B".
      </summary>
      <param name="power">Мощность от -100 до 100. Знак определяет направление вращения мотора</param>
    </member>
    <member name="M:StartSpeed">
      <summary>
        Установить скорость и запустить мотор, подключенный к порту "B".
      </summary>
      <param name="power">Скорость от -100 до 100. Знак определяет направление вращения мотора</param>
    </member>
  </members>
</doc>