<?xml version="1.0"?>
<doc>
  <members>
    <member name="T:Sensor2">
      <summary>
        Набор оптимизированных команд для работы с датчиком, подключенным в порт "2".
      </summary>
    </member>
    <member name="M:Raw1">
      <summary>
        Получает первое необработанное (RAW) значение из массива показаний с датчика, подключенного в порт "2".
      </summary>
      <returns>Измеренное значение</returns>
    </member>
    <member name="M:Raw3">
      <summary>
        Получает три первых необработанных(RAW) значения из массива показаний с датчика, подключенного в порт "2".
      </summary>
      <param name="var1">Переменная, в которую записывается 1-е значение</param>
      <param name="var2">Переменная, в которую записывается 2-е значение</param>
      <param name="var3">Переменная, в которую записывается 3-е значение</param>
    </member>
  </members>
</doc>